City,State
Athens,GA
Atlanta,GA
Austin,TX
Baltimore,MD
Birmingham,AL
Boston,MA
Cambridge,MA
Charlotte,NC
Chicago,IL
Dallas,TX
Detroit,MI
Honolulu,HI
Houston,TX
Indianapolis,IN
Las Vegas,NV
Los Angeles,CA
Nashville,TN
New Orleans,LA
New York,NY
Newark,NJ
Orlando,FL
Seattle,WA
Vancouver,WA
